gene_id,num_sequences,original_length,trimmed_length,positions_removed,percent_removed,mean_normalized_entropy,median_normalized_entropy,std_normalized_entropy,max_normalized_entropy,min_normalized_entropy
OG0000103_H3,356,246,136,110,44.71544715447155,0.00946361957225402,0.0,0.037581163665551004,0.22712787231537024,0.0
OG0000122_Skp1,324,5050,616,4434,87.8019801980198,0.3932010595331738,0.3611519133142548,0.2378486810031516,0.8797305126483472,0.0
OG0000272_Nuf2,226,2148,598,1550,72.16014897579143,0.29265784719235677,0.27256021714159173,0.2007124821879841,0.776795472972308,0.0
